Customer,Shop,Email,Mobile,Address
MR.SAFEE,Marvell Tiles,test@gmail.com,8148208735,COIMBATORE
RAJAN,Marvell Tiles,test@gmail.com,7339255707,COIMBATORE
MR MOORTHI,Marvell Tiles,test@gmail.com,9944035242,COIMBATORE
MR SAHUL,Marvell Tiles,test@gmail.com,9944885561,COIMBATORE
MR P RAJENDRAN,Marvell Tiles,test@gmail.com,8903517573,COIMBATORE
MR RAMESBOSE,Marvell Tiles,test@gmail.com,9994282735,COIMBATORE
MAYADEVI,Marvell Tiles,test@gmail.com,9367666166,COIMBATORE
MR HITESH,Marvell Tiles,test@gmail.com,9047917925,COIMBATORE
MR SEHAR,Marvell Tiles,test@gmail.com,9786302084,COIMBATORE
R JOHN MARIYAN,Marvell Tiles,test@gmail.com,9443803400,COIMBATORE
MR SENTHILKUMAR,Marvell Tiles,test@gmail.com,7339541169,COIMBATORE
MR ABDULJALEEL,Marvell Tiles,test@gmail.com,8148208735,COIMBATORE
MR ROSHIN,Marvell Tiles,test@gmail.com,7339255707,COIMBATORE
MR SENTHILNATHAN,Marvell Tiles,test@gmail.com,9944035242,COIMBATORE
NIRANJANA.G,Marvell Tiles,test@gmail.com,9944885561,COIMBATORE
KAMALA,Marvell Tiles,test@gmail.com,8903517573,COIMBATORE
MR.SIVA,Marvell Tiles,test@gmail.com,9994282735,COIMBATORE
  MR.KASIM,Marvell Tiles,test@gmail.com,9367666166,COIMBATORE
S PRIYA,Marvell Tiles,test@gmail.com,9047917925,COIMBATORE
MR SIVA,Marvell Tiles,test@gmail.com,9786302084,COIMBATORE
MR RAM  BISRA,Marvell Tiles,test@gmail.com,9443803400,COIMBATORE
MR HARI GANASAN,Marvell Tiles,test@gmail.com,8148208735,COIMBATORE
MR LALBABU,Marvell Tiles,test@gmail.com,7339255707,COIMBATORE
MS R RAJESWARY,Marvell Tiles,test@gmail.com,9944035242,COIMBATORE
MR MUTHUKUMAR,Marvell Tiles,test@gmail.com,9944885561,COIMBATORE
MR M DHANASEKAR,Marvell Tiles,test@gmail.com,8903517573,COIMBATORE
MRS M SUSEELA,Marvell Tiles,test@gmail.com,9994282735,COIMBATORE
MR KUMARAVEL,Marvell Tiles,test@gmail.com,9367666166,COIMBATORE
MUTHU MESS,Marvell Tiles,test@gmail.com,9047917925,COIMBATORE
MR VISVANATH,Marvell Tiles,test@gmail.com,9786302084,COIMBATORE
MR P KANAGARAJ,Marvell Tiles,test@gmail.com,9443803400,COIMBATORE
MR SAHIL KUMAR,Marvell Tiles,test@gmail.com,8148208735,COIMBATORE
MR PALANISAMY,Marvell Tiles,test@gmail.com,7339255707,COIMBATORE
MR KARTHICK,Marvell Tiles,test@gmail.com,9944035242,COIMBATORE
 MR.SRINIVASHAN,Marvell Tiles,test@gmail.com,9944885561,COIMBATORE
MR PRAKSH P,Marvell Tiles,test@gmail.com,8903517573,COIMBATORE
MS MAHALAKSHMI,Marvell Tiles,test@gmail.com,9994282735,COIMBATORE
MR SIMON,Marvell Tiles,test@gmail.com,9367666166,COIMBATORE
MOBILEE,Marvell Tiles,test@gmail.com,9047917925,COIMBATORE
MR RAJIK GUPTHA,Marvell Tiles,test@gmail.com,9786302084,COIMBATORE
MR SHAGULHAMEED,Marvell Tiles,test@gmail.com,9443803400,COIMBATORE
MR MOHAMMED IBRAHIM,Marvell Tiles,test@gmail.com,8148208735,COIMBATORE
MR.SHANMUGAM,Marvell Tiles,test@gmail.com,7339255707,COIMBATORE
MR.DD SHARMA,Marvell Tiles,test@gmail.com,9944035242,COIMBATORE
MR.VENKATA SUBRAMANIAM,Marvell Tiles,test@gmail.com,9944885561,COIMBATORE
MR DEEPAK,Marvell Tiles,test@gmail.com,8903517573,COIMBATORE
MR.SENTHI KUMAR,Marvell Tiles,test@gmail.com,9994282735,COIMBATORE
MR RAJA S,Marvell Tiles,test@gmail.com,9367666166,COIMBATORE
MR SWAMY,Marvell Tiles,test@gmail.com,9047917925,COIMBATORE
KRITHIKA,Marvell Tiles,test@gmail.com,9786302084,COIMBATORE
MR BALAJI,Marvell Tiles,test@gmail.com,9443803400,COIMBATORE
MR SUBMANIAN,Marvell Tiles,test@gmail.com,8148208735,COIMBATORE
MR LALAN,Marvell Tiles,test@gmail.com,7339255707,COIMBATORE
MR SAMPATH,Marvell Tiles,test@gmail.com,9944035242,COIMBATORE
KAVITHA,Marvell Tiles,test@gmail.com,9944885561,COIMBATORE
KUMAR,Marvell Tiles,test@gmail.com,8903517573,COIMBATORE
MR SURESH,Marvell Tiles,test@gmail.com,9994282735,COIMBATORE
S.MANICKA MOORTHI,Marvell Tiles,test@gmail.com,9367666166,COIMBATORE
ARUMUGAM,Marvell Tiles,test@gmail.com,9047917925,COIMBATORE
ARUMUGAM,Marvell Tiles,test@gmail.com,9786302084,COIMBATORE
ARUMUGAM,Marvell Tiles,test@gmail.com,9443803400,COIMBATORE
ARUMUGAM,Marvell Tiles,test@gmail.com,8148208735,COIMBATORE
ARUMUGAM,Marvell Tiles,test@gmail.com,7339255707,COIMBATORE
MR GANAPATHY,Marvell Tiles,test@gmail.com,9944035242,COIMBATORE
MR.SAKTHI,Marvell Tiles,test@gmail.com,9944885561,COIMBATORE
MR.MANIVANNAN,Marvell Tiles,test@gmail.com,8903517573,COIMBATORE
MR.SIVAMOORTHY,Marvell Tiles,test@gmail.com,9994282735,COIMBATORE
MR.SIVAMOORTHY,Marvell Tiles,test@gmail.com,9367666166,COIMBATORE
MR RASIK GUPTA,Marvell Tiles,test@gmail.com,9047917925,COIMBATORE
MR SAKTHIVEL,Marvell Tiles,test@gmail.com,9786302084,COIMBATORE
MR BHOLAKUMAR,Marvell Tiles,test@gmail.com,9443803400,COIMBATORE
KARTHIKA J,Marvell Tiles,test@gmail.com,8148208735,COIMBATORE
MR.ZIYAUTHEEN,Marvell Tiles,test@gmail.com,7339255707,COIMBATORE
MR RAJA,Marvell Tiles,test@gmail.com,9944035242,COIMBATORE
MR NAVEN,Marvell Tiles,test@gmail.com,9944885561,COIMBATORE
MR PRABU,Marvell Tiles,test@gmail.com,8903517573,COIMBATORE
MS SATHYABAMA,Marvell Tiles,test@gmail.com,9994282735,COIMBATORE
MR.MAILSAMY,Marvell Tiles,test@gmail.com,9367666166,COIMBATORE
AVM ZIYA,Marvell Tiles,test@gmail.com,9047917925,COIMBATORE
MR.GOPALAKRISHNNAN,Marvell Tiles,test@gmail.com,9786302084,COIMBATORE
C GANESH,Marvell Tiles,test@gmail.com,9443803400,COIMBATORE
ASHOK,Marvell Tiles,test@gmail.com,8148208735,COIMBATORE
MR SHANMUGAM,Marvell Tiles,test@gmail.com,7339255707,COIMBATORE
DR SANKAR,Marvell Tiles,test@gmail.com,9944035242,COIMBATORE
MR VISVANATHAN,Marvell Tiles,test@gmail.com,9944885561,COIMBATORE
MR MANIKAM,Marvell Tiles,test@gmail.com,8903517573,COIMBATORE
MS ANEESHA,Marvell Tiles,test@gmail.com,9994282735,COIMBATORE
MOBILEE,Marvell Tiles,test@gmail.com,9367666166,COIMBATORE
MR MANOJ KUMAR,Marvell Tiles,test@gmail.com,9047917925,COIMBATORE
MR MURUGAN S,Marvell Tiles,test@gmail.com,9786302084,COIMBATORE
MR SATHISH,Marvell Tiles,test@gmail.com,9443803400,COIMBATORE
MR SARAVANAN S,Marvell Tiles,test@gmail.com,8148208735,COIMBATORE
MR PUSPARAJ,Marvell Tiles,test@gmail.com,7339255707,COIMBATORE
MR SATHIS,Marvell Tiles,test@gmail.com,9944035242,COIMBATORE
R.NAGAMMAL,Marvell Tiles,test@gmail.com,9944885561,COIMBATORE
DIVINE ATMOS,Marvell Tiles,test@gmail.com,8903517573,COIMBATORE
MR SARAVANAN,Marvell Tiles,test@gmail.com,9994282735,COIMBATORE
DR MOSES,Marvell Tiles,test@gmail.com,9367666166,COIMBATORE
MOBILEE,Marvell Tiles,test@gmail.com,9047917925,COIMBATORE
MR PRABU,Marvell Tiles,test@gmail.com,9786302084,COIMBATORE
MR DHIREJKUMAR,Marvell Tiles,test@gmail.com,9443803400,COIMBATORE
MR. DR. RAJTILAK  G,Marvell Tiles,test@gmail.com,8148208735,COIMBATORE
MR GOUTHAM,Marvell Tiles,test@gmail.com,7339255707,COIMBATORE
MR VINCENT,Marvell Tiles,test@gmail.com,9944035242,COIMBATORE
K LEELA,Marvell Tiles,test@gmail.com,9944885561,COIMBATORE
MR VENKATRATHINAM,Marvell Tiles,test@gmail.com,8903517573,COIMBATORE
MR  SUBOTH,Marvell Tiles,test@gmail.com,9994282735,COIMBATORE
MR SUGMAR,Marvell Tiles,test@gmail.com,9367666166,COIMBATORE
MR VAIRAVAN,Marvell Tiles,test@gmail.com,9047917925,COIMBATORE
MR VADIVELKUMAR,Marvell Tiles,test@gmail.com,9786302084,COIMBATORE
MR BALASUBRAMANI,Marvell Tiles,test@gmail.com,9443803400,COIMBATORE
MR VIPAN,Marvell Tiles,test@gmail.com,8148208735,COIMBATORE
vanitha,Marvell Tiles,test@gmail.com,7339255707,COIMBATORE
MR.BALASUBRAMANIAN,Marvell Tiles,test@gmail.com,9944035242,COIMBATORE
MR DALTON,Marvell Tiles,test@gmail.com,9944885561,COIMBATORE
MR.PARTHIBAN,Marvell Tiles,test@gmail.com,8903517573,COIMBATORE
 MR MUNI SAMY,Marvell Tiles,test@gmail.com,9994282735,COIMBATORE
MR SADHAM,Marvell Tiles,test@gmail.com,9367666166,COIMBATORE
MR KALAISELVAN B,Marvell Tiles,test@gmail.com,9047917925,COIMBATORE
MR SATHISH,Marvell Tiles,test@gmail.com,9786302084,"188 nsr road , coimbatore"
BIDHYA,Marvell Tiles,test@gmail.com,9443803400,COIMBATORE
THIPPU,Marvell Tiles,test@gmail.com,8148208735,COIMBATORE
MR EDWIN,Marvell Tiles,test@gmail.com,7339255707,COIMBATORE
MR RAMKUMAR,Marvell Tiles,test@gmail.com,9944035242,COIMBATORE
MR.  R. ANANDAKRISHNAN,Marvell Tiles,test@gmail.com,9944885561,COIMBATORE
MR.SAKTHIVEL,Marvell Tiles,test@gmail.com,8903517573,"188 nsr road  ,  coimbatore"
MR.DHURAIPANDIYAN,Marvell Tiles,test@gmail.com,9994282735,COIMBATORE
G RAMASANDRAN,Marvell Tiles,test@gmail.com,9367666166,COIMBATORE
MR SANJAY SHAH,Marvell Tiles,test@gmail.com,9047917925,COIMBATORE
MR BACKIARAJ,Marvell Tiles,test@gmail.com,9786302084,COIMBATORE
MR.PRABHUDEV,Marvell Tiles,test@gmail.com,9443803400,188 nsr road                                                    coimbatore
MR.SANMUGAM,Marvell Tiles,test@gmail.com,8148208735,188 nsr road                                                    coimbatore
MR.RAMANATHAN,Marvell Tiles,test@gmail.com,7339255707,COIMBATORE
MR.DHINESH,Marvell Tiles,test@gmail.com,9944035242,COIMBATORE
MR.MADHU SUDHANAN,Marvell Tiles,test@gmail.com,9944885561,COIMBATORE
MR.SUBASAR,Marvell Tiles,test@gmail.com,8903517573,COIMBATORE
MS MAHESWARI,Marvell Tiles,test@gmail.com,9994282735,COIMBATORE
MR MAGESHWARAN,Marvell Tiles,test@gmail.com,9367666166,COIMBATORE
MR NAGARAJAN,Marvell Tiles,test@gmail.com,9047917925,COIMBATORE
MR MANIKANDAN,Marvell Tiles,test@gmail.com,9786302084,COIMBATORE
MR RAMKUMAR,Marvell Tiles,test@gmail.com,9443803400,COIMBATORE
MR.ALEXANFDER,Marvell Tiles,test@gmail.com,8148208735,188 nsr road                                                    coimbatore
VIJAYKUMAR,Marvell Tiles,test@gmail.com,7339255707,188 nsr road                                                    coimbatore
MR.BALA,Marvell Tiles,test@gmail.com,9944035242,COIMBATORE
MR SURIYAPRKASH,Marvell Tiles,test@gmail.com,9944885561,COIMBATORE
SRUTHI S,Marvell Tiles,test@gmail.com,8903517573,COIMBATORE
MR.GUDDUKUMAR,Marvell Tiles,test@gmail.com,9994282735,COIMBATORE
MR SEHAR,Marvell Tiles,test@gmail.com,9367666166,COIMBATORE
MR BALAJI KB,Marvell Tiles,test@gmail.com,9047917925,COIMBATORE
MR SATANAND,Marvell Tiles,test@gmail.com,9786302084,COIMBATORE
MR MANIRAM,Marvell Tiles,test@gmail.com,9443803400,COIMBATORE
MS VINODHINI,Marvell Tiles,test@gmail.com,8148208735,COIMBATORE
MR BIPIN,Marvell Tiles,test@gmail.com,7339255707,COIMBATORE
MR BHASKAR,Marvell Tiles,test@gmail.com,9944035242,COIMBATORE
MR BASHA,Marvell Tiles,test@gmail.com,9944885561,COIMBATORE
MR AMIR BASHA,Marvell Tiles,test@gmail.com,8903517573,COIMBATORE
MR.RAGHUL,Marvell Tiles,test@gmail.com,9994282735,COIMBATORE
PUSHPA,Marvell Tiles,test@gmail.com,9367666166,COIMBATORE
MR.ARUMUGAM,Marvell Tiles,test@gmail.com,9047917925,COIMBATORE
MR.KUYMAR,Marvell Tiles,test@gmail.com,9786302084,COIMBATORE
MR UDAY KUMAR,Marvell Tiles,test@gmail.com,9443803400,COIMBATORE
RAJKUMAR,Marvell Tiles,test@gmail.com,8148208735,COIMBATORE
SARASWATHI,Marvell Tiles,test@gmail.com,7339255707,COIMBATORE
MR GOWTHAM,Marvell Tiles,test@gmail.com,9944035242,COIMBATORE
MR RAVISANDRAN,Marvell Tiles,test@gmail.com,9944885561,COIMBATORE
LAKSHMI,Marvell Tiles,test@gmail.com,8903517573,COIMBATORE
MR KULANTHAIRAJ,Marvell Tiles,test@gmail.com,9994282735,188 nsr road                                                    coimbatore
 MR.VIGNESH,Marvell Tiles,test@gmail.com,9367666166,COIMBATORE
MR ARUN,Marvell Tiles,test@gmail.com,9047917925,COIMBATORE
MR.KHAN SAMAD NAWAB,Marvell Tiles,test@gmail.com,9786302084,COIMBATORE
 MR VIGNESH KUMAR,Marvell Tiles,test@gmail.com,9443803400,COIMBATORE
MR SARAVANAN,Marvell Tiles,test@gmail.com,9443803400,COIMBATORE
MOBILEE,Marvell Tiles,test@gmail.com,9443803400,COIMBATORE
MR KUNASEHARAN A,Marvell Tiles,test@gmail.com,9443803400,COIMBATORE
R PARAMASIVAM,Marvell Tiles,test@gmail.com,9443803400,COIMBATORE
MR ROBIN,Marvell Tiles,test@gmail.com,9443803400,COIMBATORE
MR.GANESH,Marvell Tiles,test@gmail.com,9443803400,COIMBATORE
MR EDWARD,Marvell Tiles,test@gmail.com,9443803400,188 nsr road                                                    coimbatore
MR.RANGARAJAN,Marvell Tiles,test@gmail.com,9443803400,COIMBATORE
MR DHARINEESH,Marvell Tiles,test@gmail.com,9443803400,COIMBATORE
MR.SAKTHIVEL,Marvell Tiles,test@gmail.com,9443803400,COIMBATORE
MR.LAWRENCE,Marvell Tiles,test@gmail.com,9443803400,COIMBATORE
MR SANDRAN,Marvell Tiles,test@gmail.com,9443803400,COIMBATORE
MR RAMACHANDRAN,Marvell Tiles,test@gmail.com,9443803400,COIMBATORE
MR NAVEENPRASHAAD,Marvell Tiles,test@gmail.com,9443803400,COIMBATORE
MR DEVADAS M,Marvell Tiles,test@gmail.com,9443803400,COIMBATORE
MR VATHIYALINGAM,Marvell Tiles,test@gmail.com,9443803400,COIMBATORE
MR PRAKSH,Marvell Tiles,test@gmail.com,9443803400,COIMBATORE
MR PAWAN,Marvell Tiles,test@gmail.com,9443803400,COIMBATORE
MR SELVAKUMAR D,Marvell Tiles,test@gmail.com,9443803400,COIMBATORE
MS NEELABARI,Marvell Tiles,test@gmail.com,9443803400,COIMBATORE
MR MURALI,Marvell Tiles,test@gmail.com,9443803400,COIMBATORE
MR SANMUGAM,Marvell Tiles,test@gmail.com,9443803400,COIMBATORE
MR MANOHARAN,Marvell Tiles,test@gmail.com,9443803400,COIMBATORE
MR AAMARSHARMA,Marvell Tiles,test@gmail.com,9443803400,COIMBATORE
NARASARMA,Marvell Tiles,test@gmail.com,9443803400,COIMBATORE
MS ESWARI,Marvell Tiles,test@gmail.com,9443803400,COIMBATORE
MR RAMACHANDRAN,Marvell Tiles,test@gmail.com,9443803400,COIMBATORE
MRS ANBU,Marvell Tiles,test@gmail.com,9443803400,COIMBATORE
MR BARUNMAJI,Marvell Tiles,test@gmail.com,9443803400,COIMBATORE
MR VIKNESH,Marvell Tiles,test@gmail.com,9443803400,COIMBATORE
MR SANMUGAM,Marvell Tiles,test@gmail.com,9443803400,COIMBATORE
AMUTHA VELUSAMY,Marvell Tiles,test@gmail.com,9443803400,COIMBATORE
MR.MOHAMMED ELLIYAS,Marvell Tiles,test@gmail.com,9443803400,COIMBATORE
MR.RAJAN,Marvell Tiles,test@gmail.com,9443803400,COIMBATORE
MR.NOWSATHALI,Marvell Tiles,test@gmail.com,9443803400,COIMBATORE
MR.NOWSATHALI,Marvell Tiles,test@gmail.com,9443803400,COIMBATORE
MR.GANESH,Marvell Tiles,test@gmail.com,9443803400,COIMBATORE
MR.GANESH,Marvell Tiles,test@gmail.com,9443803400,COIMBATORE
AMSAVENI,Marvell Tiles,test@gmail.com,9443803400,COIMBATORE
MR.KUMAR,Marvell Tiles,test@gmail.com,9443803400,COIMBATORE
MR.SATHIS,Marvell Tiles,test@gmail.com,9443803400,COIMBATORE
MR.VARADTHRAJULU,Marvell Tiles,test@gmail.com,9443803400,COIMBATORE
siraj,Marvell Tiles,test@gmail.com,9443803400,COIMBATORE
MR.VIJYA KUMAR,Marvell Tiles,test@gmail.com,9443803400,188 nsr road                                                    coimbatore
MR.MOHANRAJ,Marvell Tiles,test@gmail.com,9443803400,COIMBATORE
MR.RISHABA,Marvell Tiles,test@gmail.com,9443803400,COIMBATORE
MR.VENKATARAJ,Marvell Tiles,test@gmail.com,9443803400,COIMBATORE
MR DUNGAR RAM,Marvell Tiles,test@gmail.com,9443803400,COIMBATORE
MR.SELVAM,Marvell Tiles,test@gmail.com,9443803400,COIMBATORE
SATHISH,Marvell Tiles,test@gmail.com,9443803400,KARNATAKA                                                   GSTIN 29AAACV3431B1ZQ
"VELANTEXTILES PVT. LTD.,",Marvell Tiles,test@gmail.com,9443803400,COIMBATORE
MR.SENTHIL,Marvell Tiles,test@gmail.com,9443803400,COIMBATORE
MR MONOGRAN P,Marvell Tiles,test@gmail.com,9443803400,COIMBATORE
MR.PADMINI,Marvell Tiles,test@gmail.com,9443803400,COIMBATORE
RAKEES,Marvell Tiles,test@gmail.com,9443803400,COIMBATORE
DR JAYARAMAN N.V.,Marvell Tiles,test@gmail.com,9443803400,COIMBATORE
MR.T.SELVAM,Marvell Tiles,test@gmail.com,9443803400,COIMBATORE
NATCHAMMAI,Marvell Tiles,test@gmail.com,9443803400,COIMBATORE
ARTHI,Marvell Tiles,test@gmail.com,9443803400,COIMBATORE
MR NARAYANAN,Marvell Tiles,test@gmail.com,9443803400,COIMBATORE
PRATHIMA,Marvell Tiles,test@gmail.com,9443803400,COIMBATORE
MR RAMATHILAGAM,Marvell Tiles,test@gmail.com,9443803400,COIMBATORE
MR SIVARAMAN,Marvell Tiles,test@gmail.com,9443803400,COIMBATORE
MR MANOHARAN,Marvell Tiles,test@gmail.com,9443803400,COIMBATORE
MR VIGNESH,Marvell Tiles,test@gmail.com,9443803400,COIMBATORE
MANI,Marvell Tiles,test@gmail.com,9443803400,COIMBATORE
MR ARUJUNAN,Marvell Tiles,test@gmail.com,9443803400,COIMBATORE
MR.RAMKUMAR,Marvell Tiles,test@gmail.com,9443803400,188 nsr road                                                    coimbatore
MR.RAJKUMAR,Marvell Tiles,test@gmail.com,9443803400,COIMBATORE
MR SUBBIAH,Marvell Tiles,test@gmail.com,9443803400,COIMBATORE
MR SENTHIL KUMAR,Marvell Tiles,test@gmail.com,9443803400,COIMBATORE
MR SATHIS,Marvell Tiles,test@gmail.com,9443803400,COIMBATORE
MR JOHNWESEY,Marvell Tiles,test@gmail.com,9443803400,COIMBATORE
MR.PRAKASH,Marvell Tiles,test@gmail.com,9443803400,COIMBATORE
mr r.anand,Marvell Tiles,test@gmail.com,9443803400,COIMBATORE
MR RAVICHANDRAN,Marvell Tiles,test@gmail.com,9443803400,COIMBATORE
ASRAF,Marvell Tiles,test@gmail.com,9443803400,COIMBATORE
mr.karthikeyan,Marvell Tiles,test@gmail.com,9443803400,COIMBATORE
MR ABHILASH,Marvell Tiles,test@gmail.com,9443803400,COIMBATORE
P MERI,Marvell Tiles,test@gmail.com,9443803400,COIMBATORE
MR MOHANKUMAR,Marvell Tiles,test@gmail.com,9443803400,COIMBATORE
MR KALIMUTHU,Marvell Tiles,test@gmail.com,9443803400,COIMBATORE
LEELA,Marvell Tiles,test@gmail.com,9443803400,COIMBATORE
MR RAJAN VS,Marvell Tiles,test@gmail.com,9443803400,COIMBATORE
KG MORTHI,Marvell Tiles,test@gmail.com,9443803400,COIMBATORE
MR.GANESHENB,Marvell Tiles,test@gmail.com,9443803400,188 nsr road                                                    coimbatore
MR.RAMESH,Marvell Tiles,test@gmail.com,9443803400,COIMBATORE
ASRAF,Marvell Tiles,test@gmail.com,9443803400,COIMBATORE
DARBIN,Marvell Tiles,test@gmail.com,9443803400,188 nsr road                                                    coimbatore
MR.SAJI,Marvell Tiles,test@gmail.com,9443803400,COIMBATORE
DR.MOSES,Marvell Tiles,test@gmail.com,9443803400,COIMBATORE
MR.SENTHAMILSELVAN,Marvell Tiles,test@gmail.com,9443803400,COIMBATORE
R.KARTHI,Marvell Tiles,test@gmail.com,9443803400,COIMBATORE
MR PARANTHAMAN,Marvell Tiles,test@gmail.com,9443803400,COIMBATORE
MR RAJU,Marvell Tiles,test@gmail.com,9443803400,COIMBATORE
MR RATHNAKUMAR,Marvell Tiles,test@gmail.com,9443803400,COIMBATORE
MR MEENA,Marvell Tiles,test@gmail.com,9443803400,COIMBATORE
MR SANKAR,Marvell Tiles,test@gmail.com,9443803400,COIMBATORE
NAZAR,Marvell Tiles,test@gmail.com,9443803400,COIMBATORE
R1 FINCORP,Marvell Tiles,test@gmail.com,9443803400,COIMBATORE
MR MURUGAN,Marvell Tiles,test@gmail.com,9443803400,COIMBATORE
MR SUBRAMANIAM VK,Marvell Tiles,test@gmail.com,9443803400,COIMBATORE
v. balasubramanian,Marvell Tiles,test@gmail.com,9443803400,COIMBATORE
MR GANESHAN,Marvell Tiles,test@gmail.com,9443803400,COIMBATORE
MR K.ASOKAN,Marvell Tiles,test@gmail.com,9443803400,COIMBATORE
AKSHAYA,Marvell Tiles,test@gmail.com,9443803400,COIMBATORE
MR ROSHAN,Marvell Tiles,test@gmail.com,9443803400,188 nsr road                                                    coimbatore
N.GOMATHI,Marvell Tiles,test@gmail.com,9443803400,COIMBATORE
"MR,R,NAVARATHNAPRIYA",Marvell Tiles,test@gmail.com,9443803400,COIMBATORE
RADHA,Marvell Tiles,test@gmail.com,9443803400,188 nsr road                                                    coimbatore
S.RAJAN,Marvell Tiles,test@gmail.com,9443803400,COIMBATORE
SHANTHIRAJAN,Marvell Tiles,test@gmail.com,9443803400,COIMBATORE
MR.R.GANESAN,Marvell Tiles,test@gmail.com,9443803400,COIMBATORE
"MR,K,PANDI",Marvell Tiles,test@gmail.com,9443803400,COIMBATORE
J.KALAISELVI,Marvell Tiles,test@gmail.com,9443803400,188 nsr road                                                    coimbatore
J.KALAISELVI,Marvell Tiles,test@gmail.com,9443803400,188 nsr road                                                    coimbatore
J.KALAISELVI,Marvell Tiles,test@gmail.com,9443803400,COIMBATORE
"MR,SUBRAMANIAN",Marvell Tiles,test@gmail.com,9443803400,188 nsr road                                                    coimbatore
MR.RAMESHKUMAR,Marvell Tiles,test@gmail.com,9443803400,COIMBATORE
MR.MURUGAN,Marvell Tiles,test@gmail.com,9443803400,COIMBATORE
VARUN,Marvell Tiles,test@gmail.com,9443803400,COIMBATORE
MR.MAHALINGAM,Marvell Tiles,test@gmail.com,9443803400,COIMBATORE
"MR,MAHALASHMI",Marvell Tiles,test@gmail.com,9443803400,COIMBATORE
MR MUKESH,Marvell Tiles,test@gmail.com,9443803400,COIMBATORE
MR GOKHUL,Marvell Tiles,test@gmail.com,9443803400,COIMBATORE
MR MANIVANNAN,Marvell Tiles,test@gmail.com,9443803400,COIMBATORE
MR PANDIAN,Marvell Tiles,test@gmail.com,9443803400,COIMBATORE
MS.MUMTHAJ,Marvell Tiles,test@gmail.com,9443803400,COIMBATORE
MR VIVEK K,Marvell Tiles,test@gmail.com,9443803400,COIMBATORE
MR RAMASWAMY,Marvell Tiles,test@gmail.com,9443803400,COIMBATORE
T.NAVANIEETHAKARISHNAN,Marvell Tiles,test@gmail.com,9443803400,COIMBATORE
SATHIS,Marvell Tiles,test@gmail.com,9443803400,188 nsr road                                                    coimbatore
MR.KUMAR,Marvell Tiles,test@gmail.com,9443803400,COIMBATORE
MR SARAVANAN,Marvell Tiles,test@gmail.com,9443803400,COIMBATORE
S BALKANNAN,Marvell Tiles,test@gmail.com,9443803400,COIMBATORE
MR.NAZAR,Marvell Tiles,test@gmail.com,9443803400,PALANI
MR.MAXWELL,Marvell Tiles,test@gmail.com,9443803400,188 nsr road                                                    coimbatore
T.NAVANIEETHAKARISHNAN,Marvell Tiles,test@gmail.com,9443803400,COIMBATORE
MR KALIMUTHU N,Marvell Tiles,test@gmail.com,9443803400,COIMBATORE
MR GANESH,Marvell Tiles,test@gmail.com,9443803400,188 nsr road                                                    coimbatore
KAVITHA,Marvell Tiles,test@gmail.com,9443803400,COIMBATORE
MR VINEETHKRISHNA,Marvell Tiles,test@gmail.com,9443803400,COIMBATORE
KARUPAN,Marvell Tiles,test@gmail.com,9443803400,COIMBATORE
MR.VENKATESH,Marvell Tiles,test@gmail.com,9443803400,188 nsr road                                                    coimbatore
RMR.RAMESH,Marvell Tiles,test@gmail.com,9443803400,COIMBATORE
MR CHINNADURAI,Marvell Tiles,test@gmail.com,9443803400,COIMBATORE
PADMA,Marvell Tiles,test@gmail.com,9443803400,COIMBATORE
MR JESTINE,Marvell Tiles,test@gmail.com,9443803400,COIMBATORE
T RAVIKUMAR,Marvell Tiles,test@gmail.com,9443803400,COIMBATORE
MSS AYER,Marvell Tiles,test@gmail.com,9443803400,COIMBATORE
TRIBAL WELFARE TRUST,Marvell Tiles,test@gmail.com,9443803400,COIMBATORE
MR VIJIYAN R,Marvell Tiles,test@gmail.com,9443803400,COIMBATORE
MR NARAYANA GOPAL C,Marvell Tiles,test@gmail.com,9443803400,COIMBATORE
salideen,Marvell Tiles,test@gmail.com,9443803400,COIMBATORE
SAKTHI,Marvell Tiles,test@gmail.com,9443803400,188 nsr road                                                    coimbatore
MR.SATHISH,Marvell Tiles,test@gmail.com,9443803400,COIMBATORE
TRIBAL WELFARE TRUST,Marvell Tiles,test@gmail.com,9443803400,COIMBATORE
MR.MUTHU PANDI,Marvell Tiles,test@gmail.com,9443803400,COIMBATORE
MR.ABBAS,Marvell Tiles,test@gmail.com,9443803400,COIMBATORE
MR. SURESH,Marvell Tiles,test@gmail.com,9443803400,COIMBATORE
MR.SELVAM,Marvell Tiles,test@gmail.com,9443803400,COIMBATORE
MR. S MURUGAN,Marvell Tiles,test@gmail.com,9443803400,COIMBATORE
MR. RITHIK,Marvell Tiles,test@gmail.com,9443803400,COIMBATORE
MR.SARAVANAKUMAR,Marvell Tiles,test@gmail.com,9443803400,COIMBATORE
S S ASSOCIATES,Marvell Tiles,test@gmail.com,9443803400,COIMBATORE
VEL,Marvell Tiles,test@gmail.com,9443803400,COIMBATORE
9.12E+14,Marvell Tiles,test@gmail.com,9443803400,COIMBATORE
AAYUSHI,Marvell Tiles,test@gmail.com,9443803400,COIMBATORE
MR.KARTHIK,Marvell Tiles,test@gmail.com,9443803400,188 nsr road                                                    coimbatore
K.KARTHIK,Marvell Tiles,test@gmail.com,9443803400,188 nsr road                                                    coimbatore
MR. SENDHILKUMAR,Marvell Tiles,test@gmail.com,9443803400,188 nsr road                                                    coimbatore
MR.RAJESH,Marvell Tiles,test@gmail.com,9443803400,188 nsr road                                                    coimbatore
MR.BALAMURUGAN,Marvell Tiles,test@gmail.com,9443803400,188 nsr road                                                    coimbatore
KUMAR,Marvell Tiles,test@gmail.com,9443803400,COIMBATORE
MR.KARUPPAN,Marvell Tiles,test@gmail.com,9443803400,COIMBATORE
MR.FRANCIES P,Marvell Tiles,test@gmail.com,9443803400,COIMBATORE
MURUGAN,Marvell Tiles,test@gmail.com,9443803400,COIMBATORE
S.K.SHAKILABEGUM,Marvell Tiles,test@gmail.com,9443803400,188 nsr road                                                    coimbatore
MR.S.K.SHAKILABEGUM,Marvell Tiles,test@gmail.com,9443803400,COIMBATORE
AMBIKA,Marvell Tiles,test@gmail.com,9443803400,COIMBATORE
MR.GOBAL,Marvell Tiles,test@gmail.com,9443803400,COIMBATORE
MR.GOBAL,Marvell Tiles,test@gmail.com,9443803400,188 nsr road                                                    coimbatore
HARI,Marvell Tiles,test@gmail.com,9443803400,COIMBATORE
KUMAR,Marvell Tiles,test@gmail.com,9443803400,COIMBATORE
"MR,R.MYLSAMY",Marvell Tiles,test@gmail.com,9443803400,COIMBATORE
"mr,muthu samy",Marvell Tiles,test@gmail.com,9443803400,188 nsr road                                                    coimbatore
MR.KARTHI,Marvell Tiles,test@gmail.com,9443803400,COIMBATORE
RAJAN,Marvell Tiles,test@gmail.com,9443803400,188 nsr road                                                    coimbatore
RAJALAHSMI,Marvell Tiles,test@gmail.com,9443803400,COIMBATORE
RAJALAHSMI,Marvell Tiles,test@gmail.com,9443803400,COIMBATORE
MR RAMANATHAN,Marvell Tiles,test@gmail.com,9443803400,COIMBATORE
MR SENTHIL KUMAR,Marvell Tiles,test@gmail.com,9443803400,COIMBATORE
MR THANDAPANI,Marvell Tiles,test@gmail.com,9443803400,COIMBATORE
MR NAGARAJ,Marvell Tiles,test@gmail.com,9443803400,COIMBATORE
MR.ANADH,Marvell Tiles,test@gmail.com,9443803400,188 nsr road                                                    coimbatore
MR.ANBADH,Marvell Tiles,test@gmail.com,9443803400,188 nsr road                                                    coimbatore
MR.BALRAJ,Marvell Tiles,test@gmail.com,9443803400,188 nsr road                                                    coimbatore
MR.GOKUL,Marvell Tiles,test@gmail.com,9443803400,COIMBATORE
RAHEEM,Marvell Tiles,test@gmail.com,9443803400,COIMBATORE
MR MARIAPPAN,Marvell Tiles,test@gmail.com,9443803400,COIMBATORE
MR GANESHAN,Marvell Tiles,test@gmail.com,9443803400,188 nsr road                                                    coimbatore
MR.UMA,Marvell Tiles,test@gmail.com,9443803400,COIMBATORE
MR SAKTHIVEL,Marvell Tiles,test@gmail.com,9443803400,COIMBATORE
MR RAMESH,Marvell Tiles,test@gmail.com,9443803400,188 nsr road                                                    coimbatore
R.ARUNPRAPU,Marvell Tiles,test@gmail.com,9443803400,COIMBATORE
MR.RIZWAN,Marvell Tiles,test@gmail.com,9443803400,COIMBATORE
MR IBRAHIM,Marvell Tiles,test@gmail.com,9443803400,188 nsr road                                                    coimbatore
KUMARA,Marvell Tiles,test@gmail.com,9443803400,COIMBATORE
 KUMAR,Marvell Tiles,test@gmail.com,9443803400,COIMBATORE
SARAVANA,Marvell Tiles,test@gmail.com,9443803400,COIMBATORE
MANI,Marvell Tiles,test@gmail.com,9443803400,COIMBATORE
MR MURALI,Marvell Tiles,test@gmail.com,9443803400,COIMBATORE
MR.RAJASEKAR,Marvell Tiles,test@gmail.com,9443803400,COIMBATORE
MRS.PREMA,Marvell Tiles,test@gmail.com,9443803400,COIMBATORE
MR.SHANMUGAM,Marvell Tiles,test@gmail.com,9443803400,188 nsr road                                                    coimbatore
SUBASHINII,Marvell Tiles,test@gmail.com,9443803400,COIMBATORE
KR SUNDRAM,Marvell Tiles,test@gmail.com,9443803400,COIMBATORE
"J,SOUDARAJAN",Marvell Tiles,test@gmail.com,9443803400,COIMBATORE
MR GURU,Marvell Tiles,test@gmail.com,9443803400,COIMBATORE
MR VINOTH,Marvell Tiles,test@gmail.com,9443803400,COIMBATORE
RAM,Marvell Tiles,test@gmail.com,9443803400,188 nsr road                                                    coimbatore
MR RAMACHANDRAN,Marvell Tiles,test@gmail.com,9443803400,COIMBATORE
SANMUGASUNDHARAM,Marvell Tiles,test@gmail.com,9443803400,COIMBATORE
C.VINAYAGAM,Marvell Tiles,test@gmail.com,9443803400,COIMBATORE
VENNILA,Marvell Tiles,test@gmail.com,9443803400,188 nsr road                                                    coimbatore
MANI,Marvell Tiles,test@gmail.com,9443803400,188 nsr road                                                    coimbatore
MANIMEGALAQI,Marvell Tiles,test@gmail.com,9443803400,188 nsr road                                                    coimbatore
MR.VIJAY,Marvell Tiles,test@gmail.com,9443803400,COIMBATORE
MR  VIJAY,Marvell Tiles,test@gmail.com,9443803400,COIMBATORE
MR.RAJESH,Marvell Tiles,test@gmail.com,9443803400,COIMBATORE
MR.FARHAN,Marvell Tiles,test@gmail.com,9443803400,COIMBATORE
RAVI,Marvell Tiles,test@gmail.com,9443803400,COIMBATORE
SPS COACHING CENTER,Marvell Tiles,test@gmail.com,9443803400,COIMBATORE
MR SAKTHI,Marvell Tiles,test@gmail.com,9443803400,COIMBATORE
MR TAMILSELVAN,Marvell Tiles,test@gmail.com,9443803400,COIMBATORE
SARASWATHI,Marvell Tiles,test@gmail.com,9443803400,COIMBATORE
MR.K ALAGAR,Marvell Tiles,test@gmail.com,9443803400,COIMBATORE
MR.RAJU,Marvell Tiles,test@gmail.com,9443803400,188 nsr road                                                    coimbatore
mobilee,Marvell Tiles,test@gmail.com,9443803400,COIMBATORE
MR MAHESWARI,Marvell Tiles,test@gmail.com,9443803400,COIMBATORE
MR KARTHIK S,Marvell Tiles,test@gmail.com,9443803400,COIMBATORE
MR YUVA,Marvell Tiles,test@gmail.com,9443803400,COIMBATORE
NIRMALA,Marvell Tiles,test@gmail.com,9443803400,COIMBATORE
ramesh,Marvell Tiles,test@gmail.com,9443803400,COIMBATORE
MR.DILIPBABU,Marvell Tiles,test@gmail.com,9443803400,188 nsr road                                                    coimbatore
.k.vemburaj,Marvell Tiles,test@gmail.com,9443803400,188 nsr road                                                    coimbatore
kumar,Marvell Tiles,test@gmail.com,9443803400,188 nsr road                                                    coimbatore
kumar,Marvell Tiles,test@gmail.com,9443803400,188 nsr road                                                    coimbatore
shanmuga.blue.matels,Marvell Tiles,test@gmail.com,9443803400,COIMBATORE
b.santhoshkumar,Marvell Tiles,test@gmail.com,9443803400,COIMBATORE
MR.KALAIYARASAN P,Marvell Tiles,test@gmail.com,9443803400,COIMBATORE
MR RAMASWAMY,Marvell Tiles,test@gmail.com,9443803400,COIMBATORE
MS SATHYA,Marvell Tiles,test@gmail.com,9443803400,COIMBATORE
shanthi,Marvell Tiles,test@gmail.com,9443803400,COIMBATORE
MR SAKTHI,Marvell Tiles,test@gmail.com,9443803400,COIMBATORE
MR SURIYA,Marvell Tiles,test@gmail.com,9443803400,COIMBATORE
MR.MANIKANDAN,Marvell Tiles,test@gmail.com,9443803400,COIMBATORE
dilwarashek,Marvell Tiles,test@gmail.com,9443803400,COIMBATORE
MR UMMAMAHESWARI,Marvell Tiles,test@gmail.com,9443803400,COIMBATORE
MAHAESWARI,Marvell Tiles,test@gmail.com,9443803400,COIMBATORE
MR ALEX,Marvell Tiles,test@gmail.com,9443803400,COIMBATORE
CHINNASAMY,Marvell Tiles,test@gmail.com,9443803400,COIMBATORE
MR MAHENDARSHARMA,Marvell Tiles,test@gmail.com,9443803400,188 nsr road                                                    coimbatore
MR BABU,Marvell Tiles,test@gmail.com,9443803400,COIMBATORE
periyasamy,Marvell Tiles,test@gmail.com,9443803400,COIMBATORE
ram,Marvell Tiles,test@gmail.com,9443803400,COIMBATORE
MR SANMUGAM,Marvell Tiles,test@gmail.com,9443803400,COIMBATORE
MR JAYARAJ,Marvell Tiles,test@gmail.com,9443803400,COIMBATORE
MR MANIVANNAN,Marvell Tiles,test@gmail.com,9443803400,COIMBATORE
KALLAYARSAN,Marvell Tiles,test@gmail.com,9443803400,COIMBATORE
MR RATHNAKUMAR,Marvell Tiles,test@gmail.com,9443803400,COIMBATORE
MUTHUKRISHNAN,Marvell Tiles,test@gmail.com,9443803400,COIMBATORE
MR.SANTHIP,Marvell Tiles,test@gmail.com,9443803400,COIMBATORE
MR XAVIER,Marvell Tiles,test@gmail.com,9443803400,COIMBATORE
NATRAJAN,Marvell Tiles,test@gmail.com,9443803400,COIMBATORE 641038                              GSTNO 33ADAPJ5385Q124
VENUS TEXTILE SERVICE,Marvell Tiles,test@gmail.com,9443803400,COIMBATORE
vasanth,Marvell Tiles,test@gmail.com,9443803400,COIMBATORE
MR KULINDAISAMY,Marvell Tiles,test@gmail.com,9443803400,COIMBATORE
M.SENTHIL KUMAR,Marvell Tiles,test@gmail.com,9443803400,COIMBATORE
AMUTHA,Marvell Tiles,test@gmail.com,9443803400,COIMBATORE
MAYA VENKATESH,Marvell Tiles,test@gmail.com,9443803400,COIMBATORE
"v,r,ganthinadhan",Marvell Tiles,test@gmail.com,9443803400,COIMBATORE
MR ESWAR,Marvell Tiles,test@gmail.com,9443803400,COIMBATORE
MR PRADHAPRAJ,Marvell Tiles,test@gmail.com,9443803400,188 nsr road                                                    coimbatore
SHAJAHAN,Marvell Tiles,test@gmail.com,9443803400,188 nsr road                                                    coimbatore
SENTHIL,Marvell Tiles,test@gmail.com,9443803400,COIMBATORE
MS SEETHA,Marvell Tiles,test@gmail.com,9443803400,COIMBATORE
vikram,Marvell Tiles,test@gmail.com,9443803400,COIMBATORE
MS SHAMSATH,Marvell Tiles,test@gmail.com,9443803400,COIMBATORE
MR VEDIKUTTY,Marvell Tiles,test@gmail.com,9443803400,COIMBATORE
MR VISWANATHAN G,Marvell Tiles,test@gmail.com,9443803400,COIMBATORE
MR RAJA,Marvell Tiles,test@gmail.com,9443803400,COIMBATORE
MR KARTHI,Marvell Tiles,test@gmail.com,9443803400,COIMBATORE
MR.BOBBY ATIF,Marvell Tiles,test@gmail.com,9443803400,COIMBATORE
MR SAMUVEL,Marvell Tiles,test@gmail.com,9443803400,COIMBATORE
MR AADHARSH,Marvell Tiles,test@gmail.com,9443803400,COIMBATORE
MR THIRUPATHI,Marvell Tiles,test@gmail.com,9443803400,COIMBATORE
OOTY MOBILES,Marvell Tiles,test@gmail.com,9443803400,COIMBATORE
siyam,Marvell Tiles,test@gmail.com,9443803400,COIMBATORE
MR RAJESHKUMAR,Marvell Tiles,test@gmail.com,9443803400,COIMBATORE
NRM BOORWEL,Marvell Tiles,test@gmail.com,9443803400,COIMBATORE
MR BAU,Marvell Tiles,test@gmail.com,9443803400,COIMBATORE
RATHNA HEALTHCARE    GST 33AARFR9151J1ZO,Marvell Tiles,test@gmail.com,9443803400,COIMBATORE
N.BABUSAMY,Marvell Tiles,test@gmail.com,9443803400,COIMBATORE
KV GOPALAN,Marvell Tiles,test@gmail.com,9443803400,COIMBATORE
MR SURESH,Marvell Tiles,test@gmail.com,9443803400,COIMBATORE
MR BALASUBRAMANIAN,Marvell Tiles,test@gmail.com,9443803400,COIMBATORE
ANUSWARYA ENTERPRICES PRIVATE LTD,Marvell Tiles,test@gmail.com,9443803400,188 nsr road                                                    coimbatore
MR.BINDU,Marvell Tiles,test@gmail.com,9443803400,COIMBATORE
GANESHKUMAR,Marvell Tiles,test@gmail.com,9443803400,COIMBATORE
MR.UNNIKRISHNAN,Marvell Tiles,test@gmail.com,9443803400,COIMBATORE
MR BABU,Marvell Tiles,test@gmail.com,9443803400,COIMBATORE
MR VINOTH KUMAR,Marvell Tiles,test@gmail.com,9443803400,COIMBATORE
MR SONU,Marvell Tiles,test@gmail.com,9443803400,COIMBATORE
MR.NASRU AHAMED,Marvell Tiles,test@gmail.com,9443803400,COIMBATORE
MR CHANDRAN,Marvell Tiles,test@gmail.com,9443803400,COIMBATORE
MR.ANDREW LIVINGSTON,Marvell Tiles,test@gmail.com,9443803400,COIMBATORE
MR KRISHNAN KUTTI,Marvell Tiles,test@gmail.com,9443803400,COIMBATORE
MR VICKY,Marvell Tiles,test@gmail.com,9443803400,COIMBATORE
MR SURESH,Marvell Tiles,test@gmail.com,9443803400,COIMBATORE
ANEESHA,Marvell Tiles,test@gmail.com,9443803400,COIMBATORE
MR ANBARASAN,Marvell Tiles,test@gmail.com,9443803400,COIMBATORE
MR RAJKUMAR N,Marvell Tiles,test@gmail.com,9443803400,COIMBATORE
MR ARJUN,Marvell Tiles,test@gmail.com,9443803400,COIMBATORE
MR.MOHAMMED YASSIN,Marvell Tiles,test@gmail.com,9443803400,COIMBATORE
MR.SUBRAMANIYAM,Marvell Tiles,test@gmail.com,9443803400,COIMBATORE
MR.RAMNATH,Marvell Tiles,test@gmail.com,9443803400,COIMBATORE
MR JAYAKUMAR,Marvell Tiles,test@gmail.com,9443803400,COIMBATORE                                                         GST 33AAKFR3455LIZW
